<?xml version="1.0" encoding="UTF-8"?>
<!DOCTYPE System SYSTEM "http://www.holobloc.com/xml/LibraryElement.dtd" >
<System Name="ASM_VIEWL" Comment="Assembly Station with Dual Stroke Cylinder" >
  <Identification Standard="61499-1" Classification="Simulation" ApplicationDomain="Assembly" Type="Dual Stroke Cylinder" />
  <VersionInfo Organization="Holobloc Inc" Version="0.1" Author="JHC" Date="2007-10-10" Remarks="Corrected XSPACE labels." />
  <VersionInfo Organization="Rockwell Automation" Version="0.0" Author="JHC" Date="2003-03-15" Remarks="Adapted from DRILL_VIEWL" />
  <Device Name="HMI" Type="FRAME_DEVICE" x="594.4444" y="100.0" >
    <Parameter Name="BOUNDS" Value="[100,100,380,100]" />
    <Parameter Name="GRID" Value="[1,1]" />
    <Resource Name="RES1" Type="PANEL_RESOURCE" x="122.22221" y="11.111111" >
      <FBNetwork >
        <FB Name="PRESS" Type="MECH_HMIL" x="550.0" y="138.88889" >
          <Parameter Name="FGD" Value="COLOR#magenta" />
          <Parameter Name="BKGD" Value="COLOR#gray" />
        </FB>
        <FB Name="TRANSPORT" Type="MECH_HMIL" x="988.88885" y="361.11108" >
          <Parameter Name="FGD" Value="COLOR#lightGray" />
        </FB>
        <EventConnections>
          <Connection Source="START.COLD" Destination="PRESS.INIT" dx1="27.777777" />
          <Connection Source="PRESS.INITO" Destination="TRANSPORT.INIT" dx1="33.333332" />
        </EventConnections>
      </FBNetwork>
    </Resource>
  </Device>
  <Device Name="VIEW" Type="FRAME_DEVICE" x="605.55554" y="683.3333" >
    <Parameter Name="BOUNDS" Value="[480,100,185,150]" />
    <Resource Name="ASSEMBLY" Type="VIEW_PANEL" x="261.1111" y="11.111111" >
      <Parameter Name="DIA" Value="25" />
      <Parameter Name="SIZE" Value="[7,5]" />
      <Parameter Name="VERTICAL" Value="0" />
      <FBNetwork >
        <FB Name="SP1" Type="XSPACE" x="666.6666" y="288.8889" >
          <Parameter Name="LBLS" Value="[&#34;&#34;,&#34;&#34;,&#34;PART2&#34;,&#34;PART1&#34;]" />
          <Parameter Name="DIMS" Value="[3,3]" />
          <Parameter Name="DIA" Value="25" />
        </FB>
        <FB Name="PRESS" Type="MECH_VIEWL" Comment="Vertical press element" x="1111.1111" y="555.55554" >
          <Parameter Name="BKGD" Value="COLOR#gray" />
          <Parameter Name="LEN" Value="3" />
          <Parameter Name="DIA" Value="25" />
          <Parameter Name="DIR" Value="1" />
        </FB>
        <FB Name="SP2" Type="XSPACE" x="1811.1111" y="11.111111" >
          <Parameter Name="LBLS" Value="[&#34;PressFit&#34;,&#34;&#34;,&#34;&#34;,&#34;Transport&#34;]" />
          <Parameter Name="DIMS" Value="[3,3]" />
          <Parameter Name="DIA" Value="25" />
        </FB>
        <FB Name="TRANSPORT" Type="MECH_VIEWL" Comment="Horizontal transport (dual-stroke cylinder)" x="2300.0" y="11.111111" >
          <Parameter Name="LEN" Value="7" />
          <Parameter Name="DIA" Value="25" />
          <Parameter Name="DIR" Value="0" />
        </FB>
        <EventConnections>
          <Connection Source="START.COLD" Destination="SP1.INIT" dx1="55.555553" />
          <Connection Source="SP1.INITO" Destination="PRESS.INIT" dx1="61.111107" />
          <Connection Source="PRESS.INITO" Destination="SP2.INIT" dx1="44.444443" />
          <Connection Source="SP2.INITO" Destination="TRANSPORT.INIT" dx1="27.777777" />
        </EventConnections>
      </FBNetwork>
    </Resource>
  </Device>
</System>
