<?xml version="1.0" encoding="UTF-8"?>
<!DOCTYPE FBType SYSTEM "http://www.holobloc.com/xml/LibraryElement.dtd" >
<FBType Name="E_RS" Comment="Event-driven bistable,Reset dominant" >
  <Identification Standard="61499-1-A.1" Classification="Event Processing" />
  <VersionInfo Organization="Rockwell Automation" Version="0.1" Author="JHC" Date="2001-08-16" Remarks="XML version" />
  <VersionInfo Organization="Rockwell Automation" Version="0.0" Author="JHC" Date="1998-04-11" Remarks="SRC version" />
  <CompilerInfo header="package fb.rt.events;" >
    <Compiler Language="Java" Vendor="IBM" Product="VisualAge" Version="3.0" />
  </CompilerInfo>
  <InterfaceList>
    <EventInputs>
      <Event Name="S" Comment="Set Event" >
      </Event>
      <Event Name="R" Comment="Reset Event" >
      </Event>
    </EventInputs>
    <EventOutputs>
      <Event Name="EO" Comment="Output Event" >
        <With Var="Q" />
      </Event>
    </EventOutputs>
    <OutputVars>
      <VarDeclaration Name="Q" Type="BOOL" Comment="Current Output State" />
    </OutputVars>
  </InterfaceList>
  <BasicFB>
    <ECC >
      <ECState Name="Q0" Comment="Q is FALSE" x="994.1176" y="523.5294" >
      </ECState>
      <ECState Name="RESET" Comment="Reset Q and issue EO" x="1364.7058" y="770.5882" >
        <ECAction Algorithm="RESET" Output="EO" />
      </ECState>
      <ECState Name="Q1" Comment="Q is TRUE" x="964.7059" y="1041.1764" >
      </ECState>
      <ECState Name="NUL1" Comment="No action when Q is TRUE" x="964.7059" y="1394.1177" >
      </ECState>
      <ECState Name="SET" Comment="Set Q and issue EO" x="358.8235" y="782.3529" >
        <ECAction Algorithm="SET" Output="EO" />
      </ECState>
      <ECState Name="NUL0" Comment="No action when Q is FALSE" x="1005.8823" y="58.8235" >
      </ECState>
      <ECTransition Source="Q0" Destination="NUL0" Condition="R&#38;(S OR NOT S)" x="535.2941" y="58.8235" />
      <ECTransition Source="NUL0" Destination="Q0" Condition="1" x="994.1176" y="252.9412" />
      <ECTransition Source="Q0" Destination="SET" Condition="S&#38;NOT R" x="358.8235" y="523.5294" />
      <ECTransition Source="SET" Destination="Q1" Condition="1" x="358.8235" y="1041.1764" />
      <ECTransition Source="Q1" Destination="NUL1" Condition="S&#38;NOT R" x="523.5294" y="1394.1177" />
      <ECTransition Source="NUL1" Destination="Q1" Condition="1" x="964.7059" y="1223.5294" />
      <ECTransition Source="Q1" Destination="RESET" Condition="R&#38;(S OR NOT S)" x="1364.7058" y="1041.1764" />
      <ECTransition Source="RESET" Destination="Q0" Condition="1" x="1364.7058" y="523.5294" />
    </ECC>
  <Algorithm Name="SET" Comment="Set Q" >
    <ST Text="Q:=TRUE;&#10;" />
  </Algorithm>
  <Algorithm Name="RESET" Comment="Reset Q" >
    <ST Text="Q:=FALSE;&#10;" />
  </Algorithm>
  </BasicFB>
</FBType>
