<?xml version="1.0" encoding="UTF-8"?>
<!DOCTYPE FBType SYSTEM "http://www.holobloc.com/xml/LibraryElement.dtd" >
<FBType Name="FB_SUB_INT" Comment="INT Subtraction" >
  <Identification Standard="61499-1-D.1" Classification="Math" />
  <VersionInfo Organization="Rockwell Automation" Version="0.0" Author="JHC" Date="2002-03-13" />
  <CompilerInfo header="package fb.rt.math;" classdef="class FB_SUB_DINT extends FB_ADD_INT" >
    <Compiler Language="Java" Vendor="IBM" Product="VisualAge" Version="3.0" />
  </CompilerInfo>
  <InterfaceList>
    <EventInputs>
      <Event Name="REQ" >
        <With Var="IN1" />
        <With Var="IN2" />
      </Event>
    </EventInputs>
    <EventOutputs>
      <Event Name="CNF" >
        <With Var="OUT" />
      </Event>
    </EventOutputs>
    <InputVars>
      <VarDeclaration Name="IN1" Type="INT" Comment="Minuend" />
      <VarDeclaration Name="IN2" Type="INT" Comment="Subtrahend" />
    </InputVars>
    <OutputVars>
      <VarDeclaration Name="OUT" Type="INT" Comment="Difference" />
    </OutputVars>
  </InterfaceList>
</FBType>
