<?xml version="1.0" encoding="UTF-8"?>
<!DOCTYPE FBType SYSTEM "http://www.holobloc.com/xml/LibraryElement.dtd" >
<FBType Name="PACK_WORD" Comment="Packs 16 BOOLs into a WORD" >
  <Identification Standard="61499-1" Classification="Math" />
  <VersionInfo Organization="Rockwell Automation" Version="0.1" Author="JHC" Date="2002-05-07" Remarks="Changed SD_x to INx." />
  <VersionInfo Organization="Rockwell Automation" Version="0.0" Author="JHC" Date="2002-05-01" Remarks="Copied/Modified from PUBLISH_4" />
  <CompilerInfo header="package fb.rt.math;" >
    <Compiler Language="Java" Vendor="IBM" Product="VisualAge" Version="3.0" />
  </CompilerInfo>
  <InterfaceList>
    <EventInputs>
      <Event Name="REQ" Comment="Pack Request" >
        <With Var="IN0" />
        <With Var="IN1" />
        <With Var="IN2" />
        <With Var="IN3" />
        <With Var="IN4" />
        <With Var="IN5" />
        <With Var="IN6" />
        <With Var="IN7" />
        <With Var="IN8" />
        <With Var="IN9" />
        <With Var="IN10" />
        <With Var="IN11" />
        <With Var="IN12" />
        <With Var="IN13" />
        <With Var="IN14" />
        <With Var="IN15" />
      </Event>
    </EventInputs>
    <EventOutputs>
      <Event Name="IND" Comment="Data Change Notification" >
        <With Var="OUT" />
      </Event>
    </EventOutputs>
    <InputVars>
      <VarDeclaration Name="IN0" Type="BOOL" Comment="Data to Pack" />
      <VarDeclaration Name="IN1" Type="BOOL" />
      <VarDeclaration Name="IN2" Type="BOOL" />
      <VarDeclaration Name="IN3" Type="BOOL" />
      <VarDeclaration Name="IN4" Type="BOOL" />
      <VarDeclaration Name="IN5" Type="BOOL" />
      <VarDeclaration Name="IN6" Type="BOOL" />
      <VarDeclaration Name="IN7" Type="BOOL" />
      <VarDeclaration Name="IN8" Type="BOOL" />
      <VarDeclaration Name="IN9" Type="BOOL" />
      <VarDeclaration Name="IN10" Type="BOOL" />
      <VarDeclaration Name="IN11" Type="BOOL" />
      <VarDeclaration Name="IN12" Type="BOOL" />
      <VarDeclaration Name="IN13" Type="BOOL" />
      <VarDeclaration Name="IN14" Type="BOOL" />
      <VarDeclaration Name="IN15" Type="BOOL" />
    </InputVars>
    <OutputVars>
      <VarDeclaration Name="OUT" Type="WORD" Comment="Packed Data" />
    </OutputVars>
  </InterfaceList>
  <Service RightInterface="PACK_WORD" LeftInterface="APPLICATION" >
    <ServiceSequence Name="dataChanged" >
      <ServiceTransaction >
        <InputPrimitive Interface="APPLICATION" Event="REQ" Parameters="IN0,...,IN15" />
        <OutputPrimitive Interface="PACK_WORD" Event="pack" />
        <OutputPrimitive Interface="APPLICATION" Event="IND" Parameters="OUT" />
      </ServiceTransaction>
    </ServiceSequence>
    <ServiceSequence Name="dataUnchanged" >
      <ServiceTransaction >
        <InputPrimitive Interface="APPLICATION" Event="REQ" Parameters="IN0,...,IN15" />
        <OutputPrimitive Interface="PACK_WORD" Event="pack" />
      </ServiceTransaction>
    </ServiceSequence>
  </Service>
</FBType>
