<?xml version="1.0" encoding="UTF-8"?>
<!DOCTYPE FBType SYSTEM "http://www.holobloc.com/xml/LibraryElement.dtd" >
<FBType Name="VAV_PRE" Comment="Variable Air Valve Model pre-calculation" >
  <Identification Standard="61499-1" Classification="Simulation" ApplicationDomain="HVAC" Function="VAV" />
  <VersionInfo Organization="Holobloc Inc" Version="0.0" Author="JHC" Date="2006-04-10" />
  <CompilerInfo header="package fb.rt.hvac;" >
    <Compiler Language="Java" Vendor="Sun" Product="JDK" Version="1.5.0" />
  </CompilerInfo>
  <InterfaceList>
    <EventInputs>
      <Event Name="CLK" Comment="Simulation clock" >
        <With Var="DT" />
        <With Var="TACT" />
      </Event>
    </EventInputs>
    <EventOutputs>
      <Event Name="CNF" Comment="Pre-calc complete" >
        <With Var="V" />
      </Event>
    </EventOutputs>
    <InputVars>
      <VarDeclaration Name="DT" Type="UINT" InitialValue="10" Comment="CLK period, sec" />
      <VarDeclaration Name="TACT" Type="UINT" InitialValue="95" Comment="Damper actuation time, sec" />
    </InputVars>
    <OutputVars>
      <VarDeclaration Name="V" Type="UINT" Comment="Open/Close Speed, % per CLK cycle" />
    </OutputVars>
  </InterfaceList>
  <BasicFB>
  <Algorithm Name="CLK" Comment="VAV model pre-calculation" >
    <Other Language="Java" Text="V.value = DT.value*100/TACT.value;&#10;if(DT.value>0) V.value = Math.max(V.value,1);&#10;CNF.serviceEvent(this);&#10;" />
  </Algorithm>
  </BasicFB>
</FBType>
