<?xml version="1.0" encoding="UTF-8"?>
<!DOCTYPE FBType SYSTEM "http://www.holobloc.com/xml/LibraryElement.dtd" >
<FBType Name="FB_ADD_REAL" Comment="REAL Addition" >
  <Identification Standard="61499-1-D.1" Classification="Math" />
  <VersionInfo Organization="Rockwell Automation" Version="0.2" Author="JHC" Date="2001-08-05" Remarks="Simplified: float add does not throw ArithmeticException." />
  <VersionInfo Organization="Rockwell Automation" Version="0.1" Author="JHC" Date="2001-04-27" Remarks="XML version" />
  <VersionInfo Organization="Rockwell Automation" Version="0.0" Author="JHC" Date="1997-09-13" Remarks="SRC version" />
  <CompilerInfo header="package fb.rt.math;" classdef="class FB_ADD_REAL extends FBFunction2" >
    <Compiler Language="Java" Vendor="IBM" Product="VisualAge" Version="3.0" />
  </CompilerInfo>
  <InterfaceList>
    <EventInputs>
      <Event Name="REQ" >
        <With Var="IN1" />
        <With Var="IN2" />
      </Event>
    </EventInputs>
    <EventOutputs>
      <Event Name="CNF" >
        <With Var="OUT" />
      </Event>
    </EventOutputs>
    <InputVars>
      <VarDeclaration Name="IN1" Type="REAL" Comment="Augend" />
      <VarDeclaration Name="IN2" Type="REAL" Comment="Addend" />
    </InputVars>
    <OutputVars>
      <VarDeclaration Name="OUT" Type="REAL" Comment="Sum" />
    </OutputVars>
  </InterfaceList>
</FBType>
