<?xml version="1.0" encoding="UTF-8"?>
<!DOCTYPE FBType SYSTEM "../LibraryElement.dtd" >
<FBType Name="FB_REAL_UINT" Comment="REAL to UINT conversion with limiting" >
  <Identification Standard="61499-1" />
  <VersionInfo Organization="Rockwell Automation" Version="0.1" Author="JHC" Date="2001-04-21" Remarks="XML version." />
  <VersionInfo Organization="Rockwell Automation" Version="0.0" Author="JHC" Date="1999-01-10" Remarks="pre-XML version." />
  <CompilerInfo header="package fb.rt.math;" >
    <Compiler Language="Java" Vendor="IBM" Product="VisualAge" Version="3.0" />
  </CompilerInfo>
  <InterfaceList>
    <EventInputs>
      <Event Name="REQ" >
        <With Var="IN" />
      </Event>
    </EventInputs>
    <EventOutputs>
      <Event Name="CNF" >
        <With Var="OUT" />
      </Event>
    </EventOutputs>
    <InputVars>
      <VarDeclaration Name="IN" Type="REAL" />
    </InputVars>
    <OutputVars>
      <VarDeclaration Name="OUT" Type="UINT" />
    </OutputVars>
  </InterfaceList>
</FBType>
