<?xml version="1.0" encoding="UTF-8"?>
<!DOCTYPE DeviceType SYSTEM "http://www.holobloc.com/xml/LibraryElement.dtd" >
<DeviceType Name="FRAME_DEVICE" Comment="Top level window" >
  <Identification Standard="61499-1" />
  <VersionInfo Organization="Rockwell Automation" Version="0.2" Author="JHC" Date="2001-11-25" Remarks="Corrected BOUNDS comment." />
  <VersionInfo Organization="Rockwell Automation" Version="0.1" Author="JHC" Date="2000-01-25" Remarks="Removed &#34;Speed&#34; Attribute" />
  <VersionInfo Organization="Rockwell Automation" Version="0.0" Author="JHC" Date="2000-01-25" Remarks="Testing &#34;Speed&#34; Attribute" />
  <CompilerInfo header="package fb.rt.hmi;  import java.awt.*;" >
    <Compiler Language="Java" Vendor="IBM" Product="VisualAge" Version="3.0" />
  </CompilerInfo>
  <VarDeclaration Name="BOUNDS" Type="DINT" ArraySize="4" Comment="Initial[x,y,width,height]" />
  <VarDeclaration Name="GRID" Type="DINT" ArraySize="2" Comment="Grid layout[rows,cols]" />
</DeviceType>
